message_id,action,message_type,reason,confidence,evidence_message_ids
msg_023,digest,payment,"Bank account update about recent payment, classified as payment information.",0.92,message_0101;message_0102
msg_091,mute,scam,Pre-heuristic: clear scam pattern detected (credential/OTP request). Muted for safety.,0.95,none
msg_090,notify,personal,"Personal inquiry asking to confirm identity, classified as personal.",0.95,none
msg_048,mute,scam,"Urgent QR payment request from admin appears fraudulent, classified as scam.",0.88,message_0151;message_0152;message_0100;message_0237
msg_040,mute,greeting,Pre-heuristic: heavily forwarded message (x7) from low-engagement sender. Muted.,0.9,none
msg_075,digest,business_update,Ride status update is a factual business update without marketing,0.95,message_0206;message_0205
msg_005,digest,promotion,"Marketplace image promotes a product for sale, matching promotion criteria",0.85,message_0095;message_0332;message_0114;message_0113
msg_104,digest,event,Pre-heuristic: schedule change/event detected (gate).,0.88,none
msg_069,mute,greeting,Pre-heuristic: heavily forwarded message (x11) from low-engagement sender. Muted.,0.9,none
msg_107,mute,scam,Pre-heuristic: clear scam pattern detected (prompt-injection attempt). Muted for safety.,0.95,none
msg_070,mute,scam,Pre-heuristic: clear scam pattern detected (credential/OTP request). Muted for safety.,0.95,none
msg_003,digest,business_update,"Order status update from Amazon, not urgent or promotional, fits business factual update category",0.95,message_0031;message_0400;message_0061
msg_099,digest,event,"Message mentions a tomorrow dashboard review with a specific time, fitting the event category but not urgent enough for immediate notification.",0.93,message_0227;message_0118;message_0249;message_0228;message_0362
msg_008,digest,business_update,"A post‑purchase review request from a verified business, classified as a factual business update rather than urgent or promotional.",0.95,message_0072;message_0296;message_0071
msg_092,digest,payment,Pre-heuristic: payment-related message (invoice/bill).,0.8,none
msg_060,digest,promotion,Pre-heuristic: promotional content detected (offers).,0.85,none
msg_004,notify,event,Notify: urgent health appointment reminder from verified business,0.95,message_0245;message_0005;message_0246;message_0064;message_0063
msg_030,mute,unknown,Pre-heuristic: user has muted this group and message is not urgent/payment.,0.85,none
msg_045,notify,event,Notify: urgent package pickup request within 10 minutes,0.9,message_0146;message_0061;message_0031;message_0400;message_0267
msg_052,mute,scam,Mute: scam asking for wallet details,0.95,message_0207;message_0159;message_0208;message_0160;message_0286
msg_009,mute,unknown,Pre-heuristic: user has muted this group and message is not urgent/payment.,0.85,none
msg_071,digest,personal,"Social plan, no urgent action needed",0.95,none
msg_016,mute,scam,"Scam alert requesting login, mute to protect user",0.95,message_0024;message_0087;message_0183;message_0201;message_0251
msg_065,digest,promotion,Pre-heuristic: promotional content detected (up to).,0.85,none
msg_038,mute,greeting,Pre-heuristic: heavily forwarded message (x10) from low-engagement sender. Muted.,0.9,none
msg_086,notify,event,Pre-heuristic: schedule change/event detected (moved to).,0.88,none
msg_014,mute,promotion,Pre-heuristic: user opted out of this business and message is promotional.,0.9,none
msg_094,mute,promotion,Pre-heuristic: promotional content detected (offer).,0.85,none
msg_029,mute,spam,Forwarded marketplace listing with high forwarded count triggers spam,0.9,message_0095;message_0114;message_0113;message_0332
msg_105,mute,forward,Pre-heuristic: heavily forwarded message (x7) from low-engagement sender. Muted.,0.9,none
msg_002,notify,payment,Direct 1:1 payment-related request needing immediate action,0.9,message_0003;message_0169;message_0059;message_0170;message_0371
msg_010,digest,greeting,Pre-heuristic: purely social greeting with no actionable content.,0.9,none
msg_078,mute,scam,Pre-heuristic: clear scam pattern detected (credential/OTP request). Muted for safety.,0.95,none
msg_013,digest,promotion,Pre-heuristic: promotional content detected (discount).,0.85,none
msg_018,mute,forward,Pre-heuristic: heavily forwarded message (x9) from low-engagement sender. Muted.,0.9,none
msg_044,mute,scam,Pre-heuristic: clear scam pattern detected (credential/OTP request). Muted for safety.,0.95,none
msg_032,digest,personal,"Group request for slides, non-urgent, personal content",0.8,message_0119;message_0374;message_0285;message_0120;message_0404
msg_106,notify,event,Pre-heuristic: schedule change/event detected (moved to).,0.88,none
msg_006,notify,event,"Urgent maintenance deadline today, event with time",0.95,message_0029;message_0044;message_0067;message_0097;message_0271
msg_109,mute,scam,Pre-heuristic: clear scam pattern detected (prompt-injection attempt). Muted for safety.,0.95,none
msg_108,mute,scam,Pre-heuristic: clear scam pattern detected (prompt-injection attempt). Muted for safety.,0.95,none
msg_019,mute,scam,Suspicious banking link not from official domain,0.95,message_0277;message_0094;message_0093;message_0236;message_0275
msg_088,mute,unknown,Pre-heuristic: user has muted this group and message is not urgent/payment.,0.85,none
msg_056,notify,event,Pre-heuristic: schedule change/event detected (appointment).,0.88,none
msg_027,digest,promotion,Pre-heuristic: promotional content detected (book now).,0.85,none
msg_050,digest,business_update,"Business health update with appointment reminder, not an emergency",0.8,message_0279;message_0278;message_0156;message_0155;message_0372
msg_083,notify,personal,"Small‑group request for comments, not urgent or spam",0.9,message_0219
msg_063,digest,payment,Pre-heuristic: payment-related message (invoice/bill).,0.8,none
msg_033,digest,greeting,"Greeting message, no action needed",0.95,none
msg_061,mute,greeting,Pre-heuristic: heavily forwarded message (x8) from low-engagement sender. Muted.,0.9,none
msg_020,mute,scam,"Contains suspicious link, classified as scam",0.95,none
msg_017,digest,payment,Pre-heuristic: payment-related message (invoice/bill).,0.8,none
msg_058,mute,forward,Pre-heuristic: heavily forwarded message (x10) from low-engagement sender. Muted.,0.9,none
msg_026,digest,payment,Pre-heuristic: payment-related message (invoice/bill).,0.8,none
msg_047,notify,event,"Urgent maintenance event with specific time, requires immediate attention",0.95,message_0130;message_0150;message_0190;message_0142;message_0180
msg_046,mute,scam,Pre-heuristic: clear scam pattern detected (credential/OTP request). Muted for safety.,0.95,none
msg_042,notify,event,Time-sensitive gate closure event requiring immediate action,0.95,message_0140;message_0058;message_0217
msg_079,mute,scam,Pre-heuristic: clear scam pattern detected (credential/OTP request). Muted for safety.,0.95,none
msg_098,notify,event,Urgent personal appointment decision requiring immediate call,0.9,message_0359;message_0168;message_0226
msg_037,notify,event,Urgent maintenance event requiring bucket within 10 minutes,0.85,message_0269;message_0001;message_0271
msg_007,digest,unknown,Group informational update with no actionable content,0.8,none
msg_085,mute,scam,Pre-heuristic: clear scam pattern detected (credential/OTP request). Muted for safety.,0.95,none
msg_001,notify,event,Urgent event requiring immediate action,0.95,message_0057;message_0139;message_0240;message_0140;message_0058
msg_021,notify,payment,Urgent payment reminder requiring action,0.95,message_0068;message_0098;message_0271;message_0067;message_0097
msg_028,mute,promotion,Pre-heuristic: user opted out of this business and message is promotional.,0.9,none
msg_012,mute,forward,Pre-heuristic: heavily forwarded message (x9) from low-engagement sender. Muted.,0.9,none
msg_064,mute,promotion,Promotional movie ad with evidence of similar muted messages,0.95,message_0184;message_0088;message_0202;message_0087;message_0183
msg_103,digest,event,Pre-heuristic: schedule change/event detected (gate).,0.88,none
msg_031,notify,event,"Corrected: time-critical event should notify. Event scheduled for August 7, not within hours; digesting",0.8,message_0227;message_0249
msg_057,notify,urgent,Urgent build failure requiring immediate attention,0.95,message_0169;message_0059;message_0003
msg_087,mute,spam,Pre-heuristic: user has muted this group and message is not urgent/payment.,0.85,none
msg_067,notify,payment,"Payment due by 5 PM today, requires immediate action",0.9,message_0067;message_0097;message_0029
msg_039,notify,payment,Urgent payment request for field‑trip fee receipt,0.95,message_0364;message_0037;message_0051;message_0255;message_0403
msg_082,notify,event,Urgent incident bridge for checkout errors,0.9,message_0218;message_0397;message_0380;message_0047;message_0381
msg_066,mute,promotion,Pre-heuristic: user opted out of this business and message is promotional.,0.9,none
msg_049,digest,business_update,Business update image with no marketing content,0.8,message_0153;message_0291;message_0154;message_0292;message_0290
msg_015,mute,scam,Pre-heuristic: clear scam pattern detected (credential/OTP request). Muted for safety.,0.95,none
msg_051,mute,promotion,Pre-heuristic: user opted out of this business and message is promotional.,0.9,none
msg_097,digest,personal,"Personal message, no urgent action needed",0.9,message_0054;message_0225;message_0167;message_0226;message_0359
msg_089,digest,personal,"Pickup notification, not urgent or event",0.8,none
msg_053,mute,forward,Pre-heuristic: heavily forwarded message (x6) from low-engagement sender. Muted.,0.9,none
msg_059,mute,scam,Scam message requesting account details,0.95,message_0214;message_0053;message_0213;message_0045;message_0023
msg_024,mute,promotion,Pre-heuristic: user opted out of this business and message is promotional.,0.9,none
msg_072,mute,scam,Pre-heuristic: clear scam pattern detected (credential/OTP request). Muted for safety.,0.95,none
msg_036,mute,scam,"Link-based verification request from RazorpayX, typical phishing",0.95,message_0283;message_0128;message_0127;message_0126;message_0281
msg_076,mute,scam,"Refund link request, likely phishing",0.95,message_0207;message_0159;message_0208;message_0160;message_0286
msg_055,notify,urgent,Urgent personal request to respond within 10 minutes,0.8,none
msg_102,notify,personal,"Direct request to stay online for 30 minutes, time-sensitive",0.85,none
msg_080,notify,event,Urgent gate closure event requiring immediate action,0.95,message_0130;message_0150;message_0190;message_0142;message_0180
msg_093,notify,event,"Urgent delivery attempt scheduled today, event notification",0.9,message_0387;message_0349;message_0386;message_0165;message_0348
msg_034,mute,greeting,Pre-heuristic: heavily forwarded message (x11) from low-engagement sender. Muted.,0.9,none
msg_035,mute,promotion,"Promotional message about payouts, evidence suggests mute",0.75,message_0281;message_0125;message_0126;message_0283;message_0128
msg_101,notify,personal,Direct 1:1 personal ask,0.8,message_0268;message_0370;message_0229
msg_041,digest,promotion,"Business marketing survey, not urgent",0.9,message_0137;message_0138
msg_011,mute,greeting,Pre-heuristic: heavily forwarded message (x8) from low-engagement sender. Muted.,0.9,none
msg_110,mute,scam,Pre-heuristic: clear scam pattern detected (credential/OTP request). Muted for safety.,0.95,none
msg_095,mute,scam,Pre-heuristic: clear scam pattern detected (prompt-injection attempt). Muted for safety.,0.95,none
msg_074,mute,forward,Pre-heuristic: heavily forwarded message (x7) from low-engagement sender. Muted.,0.9,none
msg_073,mute,scam,Pre-heuristic: clear scam pattern detected (blocked-account threat + verify/link). Muted for safety.,0.95,none
msg_054,mute,scam,"Suspicious loan offer with payment link, typical scam.",0.95,message_0389;message_0163;message_0203;message_0220;message_0358
msg_068,digest,unknown,"Group chat plan, no urgent or actionable content",0.8,none
msg_100,notify,payment,Urgent payment escalation requiring immediate action,0.95,message_0362;message_0228;message_0249;message_0117;message_0118
msg_062,digest,forward,"Forwarded missing person notice, not an event",0.7,none
msg_096,notify,personal,Personal request to retrieve passport before 18h,0.9,none
msg_043,mute,spam,Message is a forwarded group notice flagged as spam; mute to avoid clutter.,0.95,none
msg_077,digest,event,"Consent form for a field trip; not urgent, so digest.",0.8,none
msg_081,notify,event,Urgent transport update; notify immediately.,0.9,none
msg_025,digest,business_update,"Delivery status update from Amazon; not urgent, digest.",0.85,none
msg_084,mute,promotion,Pre-heuristic: user opted out of this business and message is promotional.,0.9,none
msg_022,mute,scam,"Link request for payment confirmation, typical scam pattern",0.95,message_0152;message_0151;message_0237;message_0100;message_0099
